molecule_name,pIC50
0,4.4375527740389386e-08
1,2.1668507392833254e-06
2,2.098494705400879e-06
3,2.300043836201585e-09
4,5.881667993829145e-06
